Job,Female median hourly pay,Male median hourly pay
Software Engineer,28.5,32.0
Nurse,16.0,17.5
Teacher,19.0,20.0
Data Analyst,25.0,27.0
Project Manager,30.0,34.0
Graphic Designer,20.0,22.0
Accountant,24.0,27.0
Lawyer,35.0,40.0
Construction Worker,15.0,18.0
Retail Assistant,10.0,11.5
Chef,14.0,15.5
HR Manager,27.0,30.0
Marketing Specialist,23.0,26.0
Electrician,18.0,21.0
Plumber,17.0,20.0
Doctor,40.0,45.0
Receptionist,11.0,12.5
Pharmacist,29.0,32.0
Scientist,33.0,37.0
Web Developer,26.0,29.0
