NatWasteGroup,NatWasteGroup description,Land disposal,Land recovery,Re-used,Recycled,Thermal,Transfer,Treatment,Unrecorded,Unsampled,Totals
22.1,oils & solvents,35,2,37,154,88,17,183,66,,583
22.2,"paints, varnishes, etc.",75,4,10,42,23,13,43,11,1,221
22.3,industrial sludges,588,260,42,140,7,10,465,58,51,"1,621"
22.4,other chemical wastes,"1,170",285,421,271,477,41,498,105,,"3,267"
23,Metallic Wastes,101,,82,"2,397",0,45,4,98,,"2,727"
24.1,paper and card,193,19,22,"2,261",10,55,0,96,,"2,656"
24.2,"other non-metallic, non-mineral wastes",265,8,380,"1,725",42,40,2,65,,"2,526"
25,Discarded equipment,13,0,5,47,2,7,2,11,,88
26.1,food,394,498,"1,052",999,433,65,387,292,1,"4,121"
26.2,other animal and,2,3,3,3,0,,0,0,11,22
27.1,sorting residues,114,,9,182,6,,2,7,346,665
27.2,other mixed general waste,"4,225",18,300,226,207,191,57,167,,"5,392"
28,Common Sludges,44,220,74,108,12,15,118,113,57,761
29.1,combustion wastes,"3,971",,"1,449","4,103",1,3,17,12,44,"9,598"
29.2,C&D,521,3,51,217,0,18,0,34,14,859
29.3,other mineral wastes,"1,484",4,423,306,12,13,21,134,84,"2,482"
,Total industrial,"13,194","1,324","4,358","13,178","1,321",534,"1,801","1,267",610,"37,587"
